<package>
  <description brief="sbpl_lattice_planner">

     sbpl_lattice_planner

  </description>
  <author>Michael Phillips</author>
  <license>BSD</license>
  <review status="unreviewed" notes=""/>
  <url>http://ros.org/wiki/sbpl_lattice_planner</url>
  <depend package="roscpp"/>
  <depend package="costmap_2d"/>
  <depend package="nav_core"/>
  <depend package="pluginlib"/>
  <depend package="geometry_msgs"/>
  <depend package="nav_msgs"/>

  <export>
    <cpp cflags="-I${prefix}/include" lflags="-Wl,-rpath,${prefix}/lib -L${prefix}/lib -lsbpl_lattice_planner"/>
    <nav_core plugin="${prefix}/bgp_plugin.xml" />
  </export>

  <rosdep name="sbpl" />

</package>


