<launch>

  <node ns="local_costmap" name="voxel_grid_throttle" pkg="topic_tools" type="throttle" args="messages voxel_grid 3.0 voxel_grid_throttled" />
  <node pkg="move_base" type="move_base" respawn="false" name="move_base_node" output="screen">
    <param name="footprint_padding" value="0.01" />
    <param name="controller_frequency" value="5.0" />
    <param name="controller_patience" value="100.0" />
    <param name="base_global_planner" value="SBPLLatticePlanner" />
    <param name="SBPLLatticePlanner/lethal_obstacle" value="20.0" />
    <param name="SBPLLatticePlanner/primitive_filename" value="$(find sbpl)/matlab/mprim/car2.mprim" />
    <rosparam file="$(find sbpl_lattice_planner)/launch/move_base/costmap_common_params.yaml" command="load" ns="global_costmap" />
    <rosparam file="$(find sbpl_lattice_planner)/launch/move_base/costmap_common_params.yaml" command="load" ns="local_costmap" />
    <rosparam file="$(find sbpl_lattice_planner)/launch/move_base/local_costmap_params_close.yaml" command="load" />
    <rosparam file="$(find sbpl_lattice_planner)/launch/move_base/global_costmap_params.yaml" command="load" />
    <rosparam file="$(find sbpl_lattice_planner)/launch/move_base/sbpl_global_params.yaml" command="load" />
    <rosparam file="$(find sbpl_lattice_planner)/launch/move_base/base_local_planner_params_close.yaml" command="load" />
  </node>
</launch>
